feature,state,n,mean,median,std,iqr,skewness
tilt_mean,stationary,969,90.86949516019507,95.96947242421321,25.204781021802432,20.901281622066065,-0.6487162654384839
tilt_mean,ambulating,1200,94.9954642903114,94.99383922633561,14.985944031220047,14.555151121464817,-0.47957489892766914
tilt_mean,seated hand activity,1776,88.43275786948212,86.37146551247892,22.058150565341464,18.11462127685445,-0.09256993830550074
tilt_mean,lying/immobile,413,66.82497077434391,66.84505365933988,41.46462506234146,80.19033485472359,0.0202078000804084
tilt_std,stationary,969,6.913332742847092,2.3701531369398583,8.963689964761313,9.426424457040543,1.6963168301243234
tilt_std,ambulating,1200,3.9165756251271446,2.5235445563203323,3.802240784383123,3.3387220163541764,2.1291075755737454
tilt_std,seated hand activity,1776,1.354831571537081,1.0125053613230248,1.3190594053402764,1.1590947063985162,3.072801038348702
tilt_std,lying/immobile,413,13.830253978460435,10.170591779872849,13.565280293297493,21.50961099506421,0.8898972763377431
svm_var,stationary,969,0.005934062950026069,0.001867963090673459,0.008280281736836306,0.008201587158668974,1.9655997296427214
svm_var,ambulating,1200,0.5075794545539646,0.11951645071720507,0.6439644713196391,0.8396747480348207,1.345878873306051
svm_var,seated hand activity,1776,0.0021433596532195853,0.0007492564072529069,0.004904778341481642,0.0011175691084556465,6.590335720476864
svm_var,lying/immobile,413,0.00967490682083546,0.005087116003672516,0.01230267585315501,0.010802107446918655,2.3696949858596983
cadence_hz,stationary,969,1.8059323002877918,1.6666666666666667,0.9531922111043557,2.063983488132095,0.1939415617920377
cadence_hz,ambulating,1200,2.0111831592581524,2.0,0.5862031677632046,0.8870967741935485,-0.33172524154671945
cadence_hz,seated hand activity,1776,1.696310468101903,1.5625,0.8323392071718893,1.4194139194139193,0.3765785072085809
cadence_hz,lying/immobile,413,1.787543786335392,1.6129032258064515,0.8849689688095144,1.651186790505676,0.21269559077406489
jerk_rms,stationary,969,1.8996920052885626,1.6766541146295704,1.2780669528188866,1.5528924174213652,1.5219799378768155
jerk_rms,ambulating,1200,15.569455119940315,10.375939944179102,12.703523142345833,17.364006947002384,1.0553388818607257
jerk_rms,seated hand activity,1776,1.6635447125274658,1.359656239316352,1.1552654374152267,1.0953380817377836,2.3641340076051183
jerk_rms,lying/immobile,413,2.823950533506666,2.650036206742846,1.4682365010759417,1.8456925140934368,1.4868046030885027
